width,height,count
736,1024,362
737,1024,197
245,342,174
400,557,130
400,564,124
400,559,121
734,1024,112
400,562,102
400,560,86
400,537,85
301,407,85
400,558,61
400,567,60
733,1024,60
400,541,59
400,563,56
400,556,45
400,561,42
400,565,35
400,555,28
301,421,27
300,425,25
400,554,23
162,226,20
868,1212,18
400,550,17
355,500,17
301,408,17
400,553,15
400,551,15
300,409,15
246,343,15
400,535,15
400,545,15
400,552,14
405,565,14
748,1044,13
300,419,11
300,408,11
300,417,10
400,547,10
300,407,10
300,406,9
751,1044,9
353,500,9
300,420,8
354,500,7
500,695,7
400,544,6
400,566,6
400,543,5
352,500,5
660,920,5
300,415,4
300,418,4
351,500,4
300,405,4
740,1040,4
500,704,4
376,524,4
400,546,4
348,500,3
400,572,3
752,1046,3
265,372,3
265,371,3
350,500,3
300,414,3
400,549,3
300,416,3
300,413,3
247,344,3
301,420,2
265,370,2
400,533,2
420,585,2
376,525,2
400,570,2
301,406,2
301,418,2
265,368,2
300,410,2
400,542,2
400,548,2
747,1040,2
